<?xml version="1.0" encoding="UTF-8"?>
<!DOCTYPE mapper PUBLIC "-//mybatis.org//DTD Mapper 3.0//EN" "http://mybatis.org/dtd/mybatis-3-mapper.dtd">
<mapper namespace="sg.ncs.kp.admin.mapper.AdServerMapper">


    <resultMap id="ADServerResultMap" type="sg.ncs.kp.admin.po.AdServer">
        <id column="id" property="id" />
        <result column="tenant_id" property="tenantId" />
        <result column="ad_name" property="adName" />
        <result column="ad_address" property="adAddress" />
        <result column="ad_port" property="adPort" />
        <result column="ad_base" property="adBase" />
        <result column="ad_domain" property="adDomain" />
        <result column="ad_status" property="adStatus" />
        <result column="created_id" property="createdId" />
        <result column="created_date" property="createdDate" />
        <result column="last_updated_id" property="lastUpdatedId" />
        <result column="last_updated_date" property="lastUpdatedDate" />
    </resultMap>

    <select id="getByAdName" parameterType="java.lang.String"
            resultMap="ADServerResultMap">
        SELECT id,tenant_id,ad_name,ad_address,ad_port,
        ad_base,ad_domain,ad_status, created_id,created_date,
        last_updated_id,last_updated_date
        FROM
        kp_ldap
        <where>
            ad_name = #{adName}
        </where>
    </select>

    <select id="getAllAdNames"
            resultType="java.lang.String">
        SELECT ad_name
        FROM
        kp_ldap
        <where>
            ad_status = 1
        </where>
    </select>

</mapper>
