<?xml version="1.0" encoding="UTF-8"?>
<!DOCTYPE mapper PUBLIC "-//mybatis.org//DTD Mapper 3.0//EN" "http://mybatis.org/dtd/mybatis-3-mapper.dtd">
<mapper namespace="sg.ncs.kp.admin.mapper.Control2FAMapper">

    <select id="getControl2fas" resultType="sg.ncs.kp.admin.po.Control2FA">
        SELECT
        kc.id,
        kc.role_id,
        kc.status,
        kc.created_id,
        kc.created_date,
        kc.last_updated_id,
        kc.last_updated_date
        FROM
        kp_control_2fa kc
        left join
        kp_role kr on kc.role_id = kr.id
        LEFT JOIN
        kp_user_role_mapping kurm ON kr.id = kurm.role_id
        LEFT JOIN
        kp_user ku ON ku.id = kurm.user_id
        <where>
            <if test="userId != null">
                ku.id = #{userId}
            </if>
            <if test="status != null">
                and kr.status =  #{status}
            </if>
        </where>
    </select>

</mapper>
