<?xml version="1.0" encoding="UTF-8"?>
<!DOCTYPE mapper PUBLIC "-//mybatis.org//DTD Mapper 3.0//EN" "http://mybatis.org/dtd/mybatis-3-mapper.dtd">
<mapper namespace="sg.ncs.kp.admin.mapper.OperateLogMapper">

    <resultMap id="BaseResultMap" type="sg.ncs.kp.admin.po.OperateLog">
        <id column="id" property="id" />
        <result column="user_id" property="userId" />
        <result column="user_name" property="userName" />
        <result column="module" property="module" />
        <result column="request_data" property="requestData" />
        <result column="response_data" property="responseData" />
        <result column="log_time" property="logTime" />
        <result column="operate_type" property="operateType" />
        <result column="ip" property="ip" />
        <result column="phone" property="phone" />
        <result column="email" property="email" />
        <result column="user_group_name" property="userGroupName" />
    </resultMap>

    <sql id="Base_Column_List">
        id, user_id, user_name, module, request_data, response_data, log_time, operate_type, ip, phone, email, user_group_name
    </sql>

</mapper>
