<?xml version="1.0" encoding="UTF-8"?>
<!DOCTYPE mapper PUBLIC "-//mybatis.org//DTD Mapper 3.0//EN" "http://mybatis.org/dtd/mybatis-3-mapper.dtd">
<mapper namespace="sg.ncs.kp.admin.mapper.SystemConfigurationMapper">


    <resultMap id="BaseResultMap" type="sg.ncs.kp.admin.po.SystemConfiguration">
        <id column="id" property="id" />
        <result column="name" property="name" />
        <result column="value" property="value" />
        <result column="type" property="type" />
        <result column="subtype" property="subtype" />
        <result column="created_id" property="createdId" />
        <result column="created_date" property="createdDate" />
        <result column="last_updated_id" property="lastUpdatedId" />
        <result column="last_updated_date" property="lastUpdatedDate" />
    </resultMap>

    <sql id="Base_Column_List">
        id, name, value, type, subtype, created_id, created_date, last_updated_id, last_updated_date
    </sql>

</mapper>
