<?xml version="1.0" encoding="UTF-8"?>
<!DOCTYPE mapper PUBLIC "-//mybatis.org//DTD Mapper 3.0//EN" "http://mybatis.org/dtd/mybatis-3-mapper.dtd">
<mapper namespace="sg.ncs.kp.admin.mapper.UploadRecordMapper">


    <resultMap id="BaseResultMap" type="sg.ncs.kp.admin.po.UploadRecord">
        <id column="id" property="id" />
        <result column="file_name" property="fileName" />
        <result column="file_size" property="fileSize" />
        <result column="upload_key" property="uploadKey" />
        <result column="path" property="path" />
        <result column="status" property="status" />
        <result column="remark" property="remark" />
        <result column="created_id" property="createdId" />
        <result column="created_date" property="createdDate" />
        <result column="last_updated_id" property="lastUpdatedId" />
        <result column="last_updated_date" property="lastUpdatedDate" />
    </resultMap>

    <sql id="Base_Column_List">
        id, file_name, file_size, upload_key, path, status, remark, created_id, created_date, last_updated_id, last_updated_date
    </sql>

</mapper>
