<?xml version="1.0" encoding="UTF-8"?>
<!DOCTYPE mapper PUBLIC "-//mybatis.org//DTD Mapper 3.0//EN" "http://mybatis.org/dtd/mybatis-3-mapper.dtd">
<mapper namespace="sg.ncs.kp.admin.mapper.UserMonitorMapper">
    <!-- Mapping results of a general query -->
    <resultMap id="UserMonitorPageResultMap" type="sg.ncs.kp.admin.dto.UserMonitorDTO">
        <id column="id" property="id" />
        <result column="tenant_id" property="tenantId" />
        <result column="user_name" property="userName" />
        <result column="status" property="status" />
        <result column="name" property="name" />
        <result column="email" property="email" />
        <result column="country_code" property="countryCode" />
        <result column="phone" property="phone" />
        <result column="validity_start_time" property="validityStartTime" />
        <result column="validity_end_time" property="validityEndTime" />
        <result column="ip_start" property="ipStart" />
        <result column="ip_end" property="ipEnd" />
        <result column="level" property="level" />
        <result column="description" property="description" />
        <result column="created_id" property="createdId" />
        <result column="created_date" property="createdDate" />
        <result column="last_updated_id" property="lastUpdatedId" />
        <result column="last_updated_date" property="lastUpdatedDate" />
        <result column="userGroupId" property="userGroupId" />
        <result column="userGroupName" property="userGroupName" />
        <result column="login_time" property="lastLoginTime" />
        <result column="logout_time" property="lastLogoutTime" />
        <result column="workstation_name" property="workstationName" />
        <result column="ip" property="ip" />
        <result column="role_id" property="roleId" />
        <result column="role_name" property="roleName" />
    </resultMap>

    <!--user list related role and user group-->
    <select id="userMonitorList" resultMap="UserMonitorPageResultMap">
        SELECT DISTINCT
        ku.id,
        ku.tenant_id,
        ku.user_name,
        ku.status,
        ku.name,
        ku.email,
        ku.country_code,
        ku.phone,
        ku.validity_start_time,
        ku.validity_end_time,
        ku.ip_start,
        ku.ip_end,
        ku.level,
        ku.description,
        ku.created_id,
        ku.created_date,
        ku.last_updated_id,
        ku.last_updated_date,
        kll.login_time,
        kll2.logout_time,
        kll2.ip,
        kr.id as role_id,
        kr.name as role_name
        FROM
        kp_user ku
        LEFT JOIN
        kp_user_role_mapping kurm ON ku.id = kurm.user_id
        LEFT JOIN
        kp_role kr ON kurm.role_id = kr.id
        LEFT JOIN
        (select user_id,max(login_time) as login_time
        from kp_login_log
        group by user_id) kll on ku.id = kll.user_id
        LEFT JOIN kp_login_log kll2 on  kll2.login_time = kll.login_time AND kll2.user_id = kll.user_id
        <where>
            and ku.id != #{dto.userId}
            <if test="dto.tenantId != null and dto.tenantId != ''">
                and ku.tenant_id = #{dto.tenantId}
            </if>
            <if test="dto.userName != null and dto.userName != ''">
                and ku.user_name LIKE '%' + REPLACE(#{dto.userName}, '_', '[_]') + '%'
            </if>
            <if test="dto.name != null and dto.name != ''">
                and ku.name LIKE CONCAT('%',CONCAT(#{dto.name},'%'))
            </if>
            <if test="dto.email != null and dto.email != ''">
                and ku.email LIKE CONCAT('%',CONCAT(#{dto.email},'%'))
            </if>
            <if test="dto.phone != null and dto.phone != ''">
                and ku.phone LIKE CONCAT('%',CONCAT(#{dto.phone},'%'))
            </if>
            <if test="dto.status != null">
                and ku.status = #{dto.status}
            </if>
            <if test="dto.roleId != null">
                and kurm.role_id = #{dto.roleId}
            </if>
            <if test="dto.notEqualRoleId != null">
                and kurm.role_id != #{dto.notEqualRoleId}
            </if>
            <if test="dto.onlineStatus != null and dto.onlineStatus">
                and kll2.logout_time is null
                and kll.login_time is not null
            </if>
            <if test="dto.onlineStatus != null and !dto.onlineStatus">
                and (( kll2.logout_time is not null
                and kll.login_time is not null)
                or ( kll2.logout_time is  null
                and kll.login_time is  null))
            </if>
            <if test="dto.ids != null and dto.ids.size > 0">
                and ku.id in
                <foreach collection="dto.ids" item="item" index="index" open="(" close=")" separator=",">
                    #{item}
                </foreach>
            </if>
            <if test="dto.userLevel != null">
                and ku.LEVEL = #{dto.userLevel}
            </if>
            <if test="dto.userNameFullName != null and dto.userNameFullName != ''">
                and (ku.user_name LIKE CONCAT('%',CONCAT(#{dto.userNameFullName},'%')) or
                ku.name LIKE CONCAT('%',CONCAT(#{dto.userNameFullName},'%')))
            </if>
        </where>
        ORDER BY
        ku.created_date DESC,ku.user_name DESC
    </select>

    <!--user list related role and user group-->
    <select id="getUserMonitorList" resultMap="UserMonitorPageResultMap">
        SELECT DISTINCT
        ku.id,
        ku.tenant_id,
        ku.user_name,
        kll2.ip,
        kll2.workstation_name
        FROM
        kp_user ku
        LEFT JOIN
        (select user_id,max(login_time) as login_time
        from kp_login_log
        group by user_id) kll on ku.id = kll.user_id
        LEFT JOIN kp_login_log kll2 on kll2.login_time = kll.login_time AND kll2.user_id = kll.user_id
        where  kll2.logout_time is null and kll2.ip is not null;
    </select>

    <select id="userMonitorCount" resultType="java.lang.Integer">
        SELECT count(DISTINCT
        ku.id)
        FROM
        kp_user ku
        LEFT JOIN
        kp_user_role_mapping kurm ON ku.id = kurm.user_id
        LEFT JOIN
        kp_role kr ON kurm.role_id = kr.id
        LEFT JOIN
        (select user_id,max(login_time) as login_time
        from kp_login_log
        group by user_id) kll on ku.id = kll.user_id
        LEFT JOIN kp_login_log kll2 on  kll2.login_time = kll.login_time AND kll2.user_id = kll.user_id
        <where>
            <if test="dto.userId != null and dto.userId != ''">
                and ku.id != #{dto.userId}
            </if>
            <if test="dto.tenantId != null and dto.tenantId != ''">
                and ku.tenant_id = #{dto.tenantId}
            </if>
            <if test="dto.status != null">
                and ku.status = #{dto.status}
            </if>
            <if test="dto.roleId != null">
                and kurm.role_id = #{dto.roleId}
            </if>
            <if test="dto.notEqualRoleId != null">
                and kurm.role_id != #{dto.notEqualRoleId}
            </if>
            <if test="dto.onlineStatus != null and dto.onlineStatus">
                and kll2.logout_time is null
                and kll.login_time is not null
            </if>
            <if test="dto.onlineStatus != null and !dto.onlineStatus">
                and (( kll2.logout_time is not null
                and kll.login_time is not null)
                or ( kll2.logout_time is  null
                and kll.login_time is  null))
            </if>
            <if test="dto.ids != null and dto.ids.size > 0">
                and ku.id in
                <foreach collection="dto.ids" item="item" index="index" open="(" close=")" separator=",">
                    #{item}
                </foreach>
            </if>
            <if test="dto.userLevel != null">
                and ku.LEVEL = #{dto.userLevel}
            </if>
        </where>
    </select>
</mapper>
